{"cameraMode":{"drawMode":0,"name":"Shaded","section":"Shading Mode"},"sceneLighting":true,"audioPlay":false,"sceneViewState":{"showFog":true,"showMaterialUpdate":true,"showSkybox":true,"showFlares":true,"showImageEffects":true,"showParticleSystems":true},"in2DMode":false,"pivot":{"x":3.6838316917419435,"y":4.17521858215332,"z":-7.352508068084717},"rotation":{"x":0.042251378297805789,"y":0.48367610573768618,"z":-0.02338436059653759,"w":0.8739143013954163},"size":12.915276527404786,"orthographic":false}